Workbook

Sheet Wartości
C2: <- można zmieniać
B4: Nazwa | C4: Wartość | D4: [ ] | E4: Pozostałe specyfikacje | F4: Opis
B5: fSW | C5: 400 | D5: kHz | F5: częstotliwość przełączania
B6: UIN | C6: 12 | D6: V | F6: napięcie na wejściu
B7: UOUT | C7: 4.6 | D7: V | F7: napięcie na diodzie
B8: ILED | C8: 1.8 | D8: A | F8: prąd na diodzie
B9: RLED | C9: 0.4 | D9: Ω | F9: rezystancja dynamiczna diody, z wykresu
B10: UREF | C10: 0.2 | D10: V | F10: napięcie referencyjne
B11: ILED(ripple)max | C11: 0.02 | D11: A | F11: max. prąd tętnienia na diodzie
B12: KIND | C12: 0.2 | F12: współczynnik tętnienia (limit 20% tętnienia)
B13: UDIM | C13: 2.2 | D13: V | F13: napięcie max. na pinie DIM
B14: UPANGOLIN | C14: 5 | D14: V | F14: napięcie od pangolina
B15: C4 / CVCC | C15: 1 | D15: µF | E15: 16V | F15: stabilizacja regulatora
B16: R4 / RFLT | C16: 100 | D16: Ω | F16: rezystor filtrujący
B17: C6 / CFLT | C17: 1 | D17: nF | E17: 50V X7R ceramiczny | F17: kondensator filtrujący
B18: R3 / RCOMP | C18: 100 | D18: Ω | F18: rezystor kompensacyjny
B19: C5 / CCOMP | C19: 1 | D19: nF | E19: 10V X7R ceramiczny | F19: kondensator kompensacyjny
B20: R6 / RLK_COMP | C20: 22 | D20: kΩ | F20: kompensacja common-mode leakage
B21: C1 / CIN | C21: 47 | D21: µF | E21: 25V/50V elektrolityczny | F21: główna pojemność*
B22: C2 / CIN | C22: 22 | D22: µF | E22: 25V/50V X7R ceramiczny | F22: filtr tętnienia*
B23: C3 / CVIN | C23: 0.1 | D23: µF | E23: 25V/50V X7R ceramiczny | F23: filtr hf*
B24: C8 | C24: 0.1 | D24: µF | E24: 25V/50V X7R ceramiczny | F24: filtr hf na wyjściu
B25: R7, R8, R9, R10 | C25: 10 | D25: kΩ | F25: opamp
B26: Z obliczeń (zmieniać na drugiej stronie):
B28: R5 / RSENSE | C28: =Obliczenia!E3 -> 0.11 | D28: Ω | E28: 0,5 W | F28: rezystor ograniczający prąd na diodzie
B29: L | C29: =Obliczenia!E5 -> 22 | D29: µH | F29: indukcyjność cewki
B30: C7 / CCOUT | C30: =Obliczenia!E10 -> 44 | D30: µF | E30: 25V/50V X7R ceramiczny | F30: kondensator wyjściowy
B31: R1 | C31: =Obliczenia!E14 -> 22 | D31: kΩ | F31: dzielnik napięcia na pinie DIM
B32: R2 | C32: =Obliczenia!E15 -> 15 | D32: kΩ

Sheet Obliczenia
B2: Nazwa | C2: Wzór | D2: Wynik | E2: Wybrana wartość | F2: [ ] | G2: Opis
B3: R5 / RSENSE | C3: #VALUE! | D3: =Wartości!C10/Wartości!C8 -> 0.11111111 | E3: 0.11 | F3: Ω | G3: rezystor ograniczający prąd na diodzie
D4: =Wartości!C8^2*Obliczenia!E3 -> 0.3564 | E4: 0.5 | F4: W | G4: moc na nim wydzielana
B5: L | C5: #VALUE! | D5: =(Wartości!C7*(Wartości!C6-Wartości!C7))/(Wartości!C6*Wartości!C12*Wartości!C8*Wartości!C5*1000) -> 1.9699074e-05 | E5: 22 | F5: µH | G5: indukcyjność cewki (IL(max) = ILED)
B6: IL(ripple) | C6: #VALUE! | D6: =(Wartości!C7*(Wartości!C6-Wartości!C7))/(Wartości!C6*Wartości!C5*1000*Obliczenia!E5/1000000) -> 0.32234848 | F6: A | G6: tętnienie prądu na cewce, powinno być < 30%ILED = 0,54A
B7: IL(peak) | C7: #VALUE! | D7: =Wartości!C8+(Obliczenia!D6/2) -> 1.9611742 | F7: A | G7: prąd nasycenia powinien być większy niż to
B8: IL(rms) | C8: #VALUE! | D8: =SQRT(Wartości!C8^2+(Obliczenia!D6^2/12)) -> 1.8024037 | F8: A | G8: prąd znamionowy większy niż to
B9: ZCOUT | C9: #VALUE! | D9: =(Wartości!C9*Wartości!C11)/(Obliczenia!D6-Wartości!C11) -> 0.026459534 | F9: Ω | G9: minimalna impedancja na kondensatorze wyjściowym
B10: C7 / CCOUT | C10: #VALUE! | D10: =1/(2*3.1415*Wartości!C5*1000*Obliczenia!D9) -> 1.5038023e-05 | E10: 44 | F10: µF | G10: pojemność kondensatora wyjściowego x2
B11: ZCOUT(real) | C11: #VALUE! | D11: =1/(2*3.1415*Wartości!C5*1000*Obliczenia!E10/1000000) -> 0.0090431612 | F11: Ω | G11: rzeczywista impedancja
B12: ILED(ripple) | C12: #VALUE! | D12: =(D11*D6)/(D11+Wartości!C9) -> 0.0071265079 | F12: A | G12: rzeczywiste tętnienie prądu LED (powinno być < 0,02A)
B13: kPANGOLIN | C13: #VALUE! | D13: =Wartości!C13/Wartości!C14 -> 0.44 | G13: współczynnik do dzielnika napięcia na pinie DIM
B14: R1 | C14: proporcja | D14: 56 | E14: 22 | F14: kΩ | G14: dzielnik napięcia
B15: R2 | C15: proporcja | D15: 44 | E15: 15 | F15: kΩ

Sheet Dokumentacja
B2: Nazwa | C2: Link
B3: TPS922051 | C3: https://www.ti.com/lit/ds/symlink/tps922051.pdf?ts=1765485444840&ref_url=https%3A%2F%2Fwww.ti.com%2Fproduct%2FTPS922051
B4: Dioda NDG7475 | C4: https://www.laserpointeur.com/c-40_104-p-10364.html
C5: https://sites.google.com/site/dtrslasershop/dtrs-shop/diodes/ndg7475-1w-520nm

Sheet BOM
B3: opis | C3: wartość | D3: jednostka | E3: ilość | F3: ilość min | G3: cena za sztukę | H3: cena | I3: link | K3: uwagi
B4: kondensator elektrolityczny | C4: 47 | D4: uF | E4: 1 | F4: 10 | G4: 0.621 | H4: =F4*G4 -> 6.21 | I4: TME
B5: kondensator ceramiczny X7R 25V | C5: 22 | D5: uF | E5: 5 | F5: 10 | G5: 0.918 | H5: =F5*G5 -> 9.18 | I5: TME
B6: kondensator ceramiczny | C6: 100 | D6: nF | E6: 5 | F6: 100 | G6: 0.146 | H6: =F6*G6 -> 14.6 | I6: mouser
B7: kondensator ceramiczny | C7: 1 | D7: uF | E7: 1 | F7: 10 | G7: 0.288 | H7: =F7*G7 -> 2.88 | I7: TME
B8: kondensator ceramiczny | C8: 1 | D8: nF | E8: 2 | F8: 10 | G8: 0.142 | H8: =F8*G8 -> 1.42 | I8: mouser
B9: rezystor | C9: 22 | D9: kΩ | E9: 2 | F9: 50 | G9: 0.0178 | H9: =F9*G9 -> 0.89 | I9: TME
B10: rezystor | C10: 100 | D10: Ω | E10: 3 | F10: 50 | G10: 0.0229 | H10: =F10*G10 -> 1.145 | I10: TME
B11: rezystor (0.5 W) pomiarowy | C11: 0.11 | D11: Ω | E11: 1 | F11: 5 | G11: 1.18 | H11: =F11*G11 -> 5.9 | I11: mouser
B12: rezystor | C12: 10 | D12: kΩ | E12: 4 | F12: 100 | G12: 0.0271 | H12: =F12*G12 -> 2.71 | I12: TME
B13: potencjometr | C13: 20 | D13: kΩ | E13: 1 | F13: 5 | G13: 1.369 | H13: =F13*G13 -> 6.845 | I13: TME
B14: rezystor | C14: 360 | D14: Ω | E14: 1 | F14: 100 | G14: 0.0125 | H14: =F14*G14 -> 1.25 | I14: TME
B15: dioda | C15: B340A | E15: 1 | F15: 10 | G15: 0.985 | H15: =F15*G15 -> 9.85 | I15: mouser | J15: TME
B16: cewka | C16: 22 | D16: uH | E16: 1 | F16: 3 | G16: 2.11 | H16: =F16*G16 -> 6.33 | I16: mouser
B17: op-amp | C17: MCP6001-OT | E17: 1 | F17: 3 | G17: 1.11 | H17: =F17*G17 -> 3.33 | I17: TME | J17: mouser
B18: stabilizator | C18: AMS1117 | E18: 1 | F18: 5 | G18: 1.15 | H18: =F18*G18 -> 5.75 | I18: TME | J18: mouser
B19: driver | C19: TPS922051 | E19: 1 | F19: 3 | G19: 2.66 | H19: =F19*G19 -> 7.98 | I19: digikey | J19: mouser | K19: na razie nie dostępny na mouser
B20: konektor power | C20: JST 3 pin | E20: 1 | F20: 20 | G20: 0.325 | H20: =F20*G20 -> 6.5 | I20: TME
B21: konektor input | C21: JST 2 pin | E21: 1 | F21: 10 | G21: 0.201 | H21: =F21*G21 -> 2.01 | I21: TME
B22: konektor laser | C22: JST 2 pin | E22: 1 | F22: 10 | G22: 0.298 | H22: =F22*G22 -> 2.98 | I22: TME
B23: bezpiecznik | C23: fast 2.5A | E23: 1 | F23: 5 | G23: 1.46 | H23: =F23*G23 -> 7.3 | I23: TME | J23: mouser
H24: =SUM(H4:H23) -> 105.06
